"Society Name *","Society Code","Society Address","City","Unit Type (Flat/Bungalow) *","Block Name (Flats)","Block Code","Floor Number (Flats)","Floor Name","Flat Number (Flats)","Flat Type","Bungalow Number (Bungalows)","Bungalow Type","Resident Name","Resident Phone","Resident Email","Relationship To Owner","Is Primary Owner (Yes/No)"
"Green Valley CHS","GVCHS01","100 Palm Grove Road, Sector 4","Mumbai","Flat","Block A","BLK-A","1","1st Floor","101","3 BHK","","","Rajesh Kumar","9876543210","rajesh.kumar@example.com","Self","Yes"
"Green Valley CHS","GVCHS01","100 Palm Grove Road, Sector 4","Mumbai","Flat","Block A","BLK-A","1","1st Floor","101","3 BHK","","","Sunita Kumar","9876543211","sunita.kumar@example.com","Spouse","No"
"Green Valley CHS","GVCHS01","100 Palm Grove Road, Sector 4","Mumbai","Flat","Block A","BLK-A","1","1st Floor","101","3 BHK","","","Aarav Kumar","9876543212","aarav.kumar@example.com","Child","No"
"Green Valley CHS","GVCHS01","100 Palm Grove Road, Sector 4","Mumbai","Flat","Block A","BLK-A","1","1st Floor","102","2 BHK","","","Pooja Patel","9876543220","pooja.patel@example.com","Self","Yes"
"Green Valley CHS","GVCHS01","100 Palm Grove Road, Sector 4","Mumbai","Flat","Block A","BLK-A","2","2nd Floor","201","3 BHK","","","Amitabh Sen","9876543230","amitabh.sen@example.com","Self","Yes"
"Green Valley CHS","GVCHS01","100 Palm Grove Road, Sector 4","Mumbai","Flat","Block B","BLK-B","1","1st Floor","101","2 BHK","","","Suresh Verma","9876543240","suresh.verma@example.com","Self","Yes"
"Green Valley CHS","GVCHS01","100 Palm Grove Road, Sector 4","Mumbai","Flat","Block B","BLK-B","1","1st Floor","101","2 BHK","","","Anita Verma","9876543241","anita.verma@example.com","Spouse","No"
"Green Valley CHS","GVCHS01","100 Palm Grove Road, Sector 4","Mumbai","Bungalow","","","","","","","Villa-101","4 BHK Luxury Villa","Vikram Mehta","9876543250","vikram.mehta@example.com","Self","Yes"
"Green Valley CHS","GVCHS01","100 Palm Grove Road, Sector 4","Mumbai","Bungalow","","","","","","","Villa-101","4 BHK Luxury Villa","Meena Mehta","9876543251","meena.mehta@example.com","Spouse","No"
